"","Region","Catchment","Transect","Transect_code","LU_UF","ant_rich","bird_rich","db_rich","liana_rich","sap_rich","tree_rich","Aboveground_pool","Litter_pool","Dead_pool","Soil_pool_new","pH","Nperc","P","K","Na","CaMg","Al","bee_rich"
"1","STM",103,1,"103_1","AP",26,38,13,3,22,19,107.0494683,4.90705542,8.083441749,66.34,3.86,0.19,5,31.93333333,15,0.506666667,2.853333333,NA
"2","STM",103,2,"103_2","SFyoung",23,17,21,12,60,22,38.47250797,6.322680011,1.428901631,59.38,4.526666667,0.18,3.2,42.8,18,2.746666667,0.966666667,NA
"3","STM",103,3,"103_3","SFold",35,45,23,7,44,38,78.75858696,4.408595554,9.899871276,63.49,3.846666667,0.19,4.733333333,31.26666667,16.66666667,0.893333333,2.606666667,NA
"4","STM",103,4,"103_4","PA",32,30,11,0,0,0,0,0.66265069,1.027490757,54.09,4.58,0.17,3.466666667,33.26666667,16.53333333,1.806666667,1.246666667,NA
"5","STM",103,5,"103_5","SFyoung",26,37,12,8,31,23,36.78408026,5.444015022,1.531471307,58.66,4.16,0.15,4.266666667,30.33333333,22.13333333,1.593333333,1.353333333,NA
"6","STM",103,7,"103_7","AP",NA,45,16,5,24,31,154.250465,6.354724737,2.527440974,158.43,4.126666667,0.42,3.133333333,18.06666667,7.733333333,0.426666667,3.106666667,NA
"7","STM",103,8,"103_8","SFold",37,50,21,5,59,43,106.4306665,5.274916237,4.577075494,63.29,4.033333333,0.2,2.933333333,40.8,20.2,1.506666667,2.193333333,NA
"8","STM",103,9,"103_9","SFyoung",41,31,11,1,8,0,0.70573043,2.15768,0,59.2,4.86,0.16,4.666666667,64.8,23.8,3.42,0.853333333,NA
"9","STM",112,1,"112_1","MA",10,9,7,0,0,0,0,0,0,45.5,4.886666667,0.15,6.933333333,45.8,14.46666667,2.54,0.646666667,NA
"10","STM",112,11,"112_11","MA",0,8,7,0,0,0,0,0,0,46.42,4.886666667,0.16,6.733333333,72.53333333,22.86666667,2.74,0.6,NA
"11","STM",112,12,"112_12","LF",23,62,20,8,43,60,122.0910718,4.425263227,13.69880118,56.02,3.933333333,0.18,3.866666667,24.13333333,14.4,1.2,1.646666667,NA
"12","STM",112,2,"112_2","FRU",31,44,11,0,6,2,5.410861669,3.53208,0,61.53,4.48,0.16,2.533333333,24.2,12.73333333,2.313333333,1.08,NA
"13","STM",112,3,"112_3","SFold",22,50,18,16,56,37,64.90449501,5.233171076,11.14414826,59.15,4.326666667,0.19,2.333333333,19.93333333,9.466666667,2.246666667,0.926666667,NA
"14","STM",112,4,"112_4","SFyoung",30,36,10,1,16,1,5.884654663,1.58056,13.10279236,63.8,4.806666667,0.2,2.533333333,35.73333333,11.8,3.293333333,0.673333333,NA
"15","STM",112,5,"112_5","PA",14,10,5,0,0,0,0,0,4.28319844,52.51,4.646666667,0.15,2.2,25.8,13.66666667,1.746666667,0.98,NA
"16","STM",112,7,"112_7","PA",16,31,8,0,0,0,0,0,0,58.5,6.4,0.17,14.73333333,103.2666667,47.2,6.626666667,0.093333333,NA
"17","STM",112,8,"112_8","LF",23,44,21,15,70,83,122.3756224,5.581802964,29.73722218,66.85,3.813333333,0.18,5.666666667,27.06666667,17.6,1.026666667,2.26,NA
"18","STM",112,9,"112_9","FRU",32,32,12,0,3,1,5.385899437,1.48572,0,47.74,4.953333333,0.15,2.4,28,12.2,2.506666667,0.793333333,NA
"19","STM",125,10,"125_10","BF",19,46,24,6,50,66,188.5738549,7.09566133,18.99541655,59.59,3.726666667,0.18,4.866666667,32.13333333,23.6,0.726666667,2.246666667,NA
"20","STM",125,12,"125_12","MA",8,6,4,0,0,0,0,2.06332,0,46.85,5.166666667,0.14,8.2,58.33333333,24.4,4.046666667,0.326666667,NA
"21","STM",125,2,"125_2","MA",16,12,8,0,0,0,0,0,0,49.37,4.933333333,0.17,6.266666667,28,13.26666667,3.493333333,0.413333333,NA
"22","STM",125,3,"125_3","PA",30,34,9,0,0,0,0,2.18804,0,58.4,4.36,0.17,3.866666667,32.26666667,23.06666667,1.593333333,1.093333333,NA
"23","STM",125,5,"125_5","SFyoung",22,43,23,10,40,23,39.33808535,6.220889148,2.767789397,52.49,4.433333333,0.18,2.133333333,21.2,10.4,2.14,1.28,NA
"24","STM",125,6,"125_6","SFold",14,25,26,9,62,28,41.49817367,4.986875554,3.240421725,47.65,4.546666667,0.16,2.4,17.73333333,9.866666667,2.506666667,0.92,NA
"25","STM",125,8,"125_8","MA",10,7,7,0,0,0,0,0,0,42.19,4.646666667,0.14,5.066666667,47.73333333,25.93333333,2.926666667,0.593333333,NA
"26","STM",125,9,"125_9","LF",16,39,19,16,77,71,93.68575089,6.991841923,35.71634877,50.13,4.04,0.17,4.4,30.06666667,15.6,1.613333333,1.786666667,NA
"27","STM",129,10,"129_10","LBF",26,32,21,7,46,31,54.76632258,4.403568018,6.529671067,58.35,4.34,0.19,2.933333333,24.93333333,16.33333333,1.966666667,1.226666667,NA
"28","STM",129,11,"129_11","SFold",30,32,23,4,47,27,57.8686274,5.398307611,5.403745137,60.59,4.6,0.16,2.733333333,24.8,20.26666667,2.426666667,1.333333333,NA
"29","STM",129,12,"129_12","MA",6,6,9,0,0,0,0,0,0,53.35,5.08,0.15,5.133333333,51.93333333,20.86666667,3.9,0.4,NA
"30","STM",129,5,"129_5","LBF",22,48,30,17,47,50,71.05444372,5.48533069,11.03133747,41.32,4.073333333,0.14,4,16.26666667,6.933333333,1.14,1.526666667,NA
"31","STM",129,7,"129_7","PA",22,11,14,0,0,0,0,0,0,53.04,5.88,0.12,12.06666667,41.53333333,18.2,5.94,0.113333333,NA
"32","STM",129,8,"129_8","PA",16,21,16,0,0,0,0,0,0,39.82,4.513333333,0.13,3.333333333,24.93333333,13.8,1.413333333,1.006666667,NA
"33","STM",129,9,"129_9","MA",12,10,12,0,0,0,0,2.11668,0,54.66,5.22,0.18,7.6,27.13333333,9.8,3.26,0.64,NA
"34","STM",157,1,"157_1","SFold",32,52,16,14,61,70,155.7970171,6.425861296,81.82427616,51.83,4.086666667,0.17,2.866666667,34.8,15.4,1.26,1.633333333,NA
"35","STM",157,11,"157_11","SHA",19,43,16,0,2,0,0.134089785,5.030815681,6.748740126,53.76,4.866666667,0.16,5.8,58.53333333,26.13333333,3.193333333,0.553333333,NA
"36","STM",157,2,"157_2","LBF",28,41,19,13,88,68,70.31530112,4.577891682,22.3855186,45.84,4.086666667,0.14,2.333333333,30.46666667,14.4,1.893333333,1.393333333,NA
"37","STM",157,3,"157_3","LBF",19,47,20,19,70,79,134.997054,5.076615067,23.52387287,56.12,4.12,0.23,2.2,23.2,11.4,1.566666667,1.633333333,NA
"38","STM",157,4,"157_4","LF",31,53,23,10,52,58,227.3680304,5.844778797,10.48913978,49.7,3.92,0.16,5.2,33.4,29,0.66,1.64,NA
"39","STM",157,5,"157_5","LF",28,47,26,13,94,72,137.8188378,6.191115255,30.49652244,55.57,3.92,0.17,3.466666667,29.93333333,18.4,0.8,2.193333333,NA
"40","STM",157,6,"157_6","LF",26,20,19,18,62,62,188.7960043,8.073065469,5.013260628,59.49,3.72,0.19,2.666666667,23.46666667,15.73333333,0.686666667,2.326666667,NA
"41","STM",157,7,"157_7","PA",33,30,4,0,0,1,0.074292288,0,0,54.58,4.826666667,0.16,3.866666667,43.8,30.4,2.646666667,0.4,NA
"42","STM",157,8,"157_8","SFold",21,55,19,5,50,54,92.03300593,5.645136196,4.361423051,45.68,3.92,0.15,2.8,34.86666667,13.33333333,0.833333333,1.94,NA
"43","STM",160,10,"160_10","LF",17,38,35,8,31,63,164.0334409,4.171221118,4.173844907,52.19,3.835714286,0.18,4.933333333,25.73333333,30.86666667,0.753333333,1.613333333,NA
"44","STM",160,11,"160_11","SFold",14,26,22,9,54,31,48.21105548,5.352747435,8.248131362,67.97,4.82,0.22,4.266666667,40.73333333,16.93333333,3.473333333,0.626666667,NA
"45","STM",160,12,"160_12","MA",4,8,6,0,0,0,0,1.30008,0,55.63,4.98,0.15,9.466666667,58,31.06666667,3.233333333,0.766666667,NA
"46","STM",160,5,"160_5","SFold",19,44,26,4,50,28,63.6202492,4.198552182,8.451487992,54.06,4.353333333,0.16,2.4,26.8,15.33333333,2.013333333,1.286666667,NA
"47","STM",160,8,"160_8","SFold",20,48,24,5,33,41,91.59730369,4.395294264,7.391004868,54.31,4.066666667,0.15,3.133333333,32.13333333,22.86666667,1.1,1.466666667,NA
"48","STM",165,1,"165_1","LBF",20,36,10,10,47,31,66.05097633,3.905290411,11.25264309,34.66,4.14,0.07,5.2,19.06666667,12.8,0.493333333,1.446666667,NA
"49","STM",165,2,"165_2","BF",29,68,26,6,44,59,126.6218981,6.54314586,11.06423997,38.8,3.766666667,0.13,4.266666667,24.26666667,14.2,0.52,2.126666667,NA
"50","STM",165,3,"165_3","BF",22,66,31,13,65,56,102.9093477,5.212713113,19.66921454,29.93,3.986666667,0.08,4.666666667,17.13333333,12.66666667,0.486666667,1.68,NA
"51","STM",165,4,"165_4","LBF",26,48,20,14,48,52,212.6774805,6.068536666,9.792321457,50.3,3.88,0.07,5.4,30.33333333,16.73333333,0.513333333,2.386666667,NA
"52","STM",165,5,"165_5","LBF",25,45,15,9,52,55,272.3430088,4.08921076,11.67582491,104.9,4.02,0.26,4.466666667,28.53333333,15.66666667,0.473333333,3.326666667,NA
"53","STM",165,6,"165_6","BF",19,53,26,8,40,52,123.7958951,4.997103737,11.93808732,31.52,4.04,0.09,4.333333333,17.26666667,14.6,0.5,1.24,NA
"54","STM",165,7,"165_7","LBF",24,49,25,16,63,48,92.23580534,4.562982538,10.97900385,24.16,4.2,0.1,3.8,19.2,12.73333333,0.5,1.406666667,NA
"55","STM",199,1,"199_1","MA",19,30,14,0,0,0,0,0,0,32.17,4.353333333,0.11,6.333333333,35.06666667,12.6,1.173333333,1.44,NA
"56","STM",199,3,"199_3","LBF",35,54,26,8,56,67,93.15160564,6.443959318,36.2781659,33.85,3.906666667,0.1,5.133333333,24.13333333,11.6,0.733333333,1.866666667,NA
"57","STM",199,4,"199_4","SFyoung",19,35,11,0,7,2,3.126934911,3.34296,0.640737468,36.81,4.54,0.14,4.133333333,31.46666667,14,1.533333333,1.133333333,NA
"58","STM",199,5,"199_5","PA",22,38,11,0,0,1,0.389686828,0,0.064397814,39.39,4.653333333,0.1,1.133333333,25.93333333,10.8,1.873333333,0.82,NA
"59","STM",199,6,"199_6","SFold",27,44,20,11,41,39,69.62019735,5.744358642,5.511125006,53.85,3.86,0.14,1.733333333,24.13333333,15.66666667,0.706666667,2.066666667,NA
"60","STM",199,8,"199_8","PA",14,40,13,0,1,0,0.150718121,3.997410544,1.489140866,32.76,4.726666667,0.09,2.8,33.46666667,13.2,1.64,0.773333333,NA
"61","STM",199,9,"199_9","SFold",28,46,22,12,55,40,74.70239381,6.697987602,4.028928772,42.23,3.953333333,0.12,3.8,18,12.86666667,0.973333333,1.46,NA
"62","STM",236,1,"236_1","MA",15,13,7,0,0,0,0,3.37596,0,65.57,5.213333333,0.13,5.466666667,75.66666667,26.66666667,3.966666667,0.82,NA
"63","STM",236,2,"236_2","LBF",27,49,24,6,51,40,163.1393118,5.274374817,46.07428502,50.35,3.906666667,0.13,3.533333333,29.53333333,17,0.586666667,2.44,NA
"64","STM",236,3,"236_3","LBF",41,53,25,10,52,60,266.2345872,5.402821781,12.94334684,57.4,4.426666667,0.17,3.533333333,37.26666667,20.33333333,0.586666667,1.993333333,NA
"65","STM",236,4,"236_4","SFyoung",26,32,11,2,45,11,35.57615939,6.517832694,53.43726347,62.27,4.173333333,0.15,3.6,33.2,13.13333333,0.873333333,2.04,NA
"66","STM",236,5,"236_5","LF",41,34,28,16,46,71,142.7673695,5.071563697,7.971544225,47.73,3.92,0.15,2.2,25,16.8,0.846666667,2.153333333,NA
"67","STM",236,6,"236_6","LF",42,53,25,11,52,62,163.8530236,6.247537547,42.02023588,52.57,4.213333333,0.16,4,31.73333333,18.6,0.786666667,2.34,NA
"68","STM",236,7,"236_7","LF",37,60,23,8,49,64,135.9131821,3.583122379,43.27433441,52,4.006666667,0.11,4.2,26,14.33333333,0.466666667,1.786666667,NA
"69","STM",236,8,"236_8","PA",11,26,9,0,0,0,0,0,0,67.89,4.52,0.15,3.466666667,67.53333333,37.93333333,1.68,1.013333333,NA
"70","STM",236,9,"236_9","PA",19,37,8,0,0,0,0,0,0,41.38,5.18,0.15,1.133333333,55.33333333,17.13333333,1.893333333,0.586666667,NA
"71","STM",260,1,"260_1","LF",23,58,21,16,85,74,159.2814961,7.257671835,24.94997739,54.81,3.9,0.15,3.266666667,25,11.13333333,0.88,2.226666667,NA
"72","STM",260,10,"260_10","MA",42,2,7,0,0,0,0,2.26976,0,44.32,5.38,0.15,4.133333333,42.86666667,14.86666667,3.9,0.293333333,NA
"73","STM",260,2,"260_2","SFold",24,63,27,11,48,48,59.25063761,6.620181585,10.3328587,52.12,4.1,0.16,3.933333333,24.33333333,16,0.986666667,1.166666667,NA
"74","STM",260,3,"260_3","LBF",24,43,30,10,52,53,195.9981787,6.356982424,46.89077261,59.7,3.88,0.2,5,26.2,14.13333333,0.973333333,2.4,NA
"75","STM",260,4,"260_4","LF",22,55,34,22,59,71,184.3160949,7.588621534,7.87880957,63.46,3.74,0.15,2.466666667,38.86666667,23.13333333,0.666666667,2.953333333,NA
"76","STM",260,5,"260_5","LBF",32,43,25,6,51,50,137.7634921,5.814056766,19.31876724,61.31,4.073333333,0.18,3.4,20.66666667,12.73333333,1.06,2.173333333,NA
"77","STM",260,6,"260_6","LF",21,49,30,13,65,73,141.0063299,7.319502965,21.42897829,50.3,3.793333333,0.12,3.4,22.46666667,18,0.693333333,1.613333333,NA
"78","STM",260,7,"260_7","MA",31,9,15,0,0,0,0,0,0,40.14,4.653333333,0.12,8.8,47.93333333,15,2.106666667,0.873333333,NA
"79","STM",261,1,"261_1","LF",10,34,13,17,71,79,155.4583937,5.467006216,3.827109197,44.75,3.906666667,0.16,4,18.8,15.73333333,0.62,1.526666667,NA
"80","STM",261,10,"261_10","UF",18,52,23,10,66,60,147.2392627,5.214163951,17.18530198,59.34,3.913333333,0.2,5.866666667,31.26666667,18.13333333,0.86,2.773333333,NA
"81","STM",261,11,"261_11","UF",13,42,19,7,50,62,204.4774483,7.172642565,10.04046894,54.75,3.8,0.14,2.8,36.86666667,20.33333333,0.62,2.593333333,NA
"82","STM",261,12,"261_12","LF",22,56,19,2,52,65,131.7673506,5.136706404,24.63085422,60.59,3.753333333,0.19,4.133333333,24.46666667,16.53333333,0.806666667,2.733333333,NA
"83","STM",261,2,"261_2","LF",18,47,15,11,68,84,118.218652,7.324091555,18.82655698,48.92,3.806666667,0.14,3.866666667,26.66666667,15.86666667,0.606666667,2.16,NA
"84","STM",261,3,"261_3","LF",9,34,33,15,58,68,161.6487497,5.849906683,32.98634776,61.42,4.06,0.17,6.333333333,39.93333333,22.53333333,0.88,2.433333333,NA
"85","STM",261,4,"261_4","LF",16,54,20,14,57,68,142.2371237,4.525055581,30.4614798,57.42,3.886666667,0.2,2.466666667,22,13,1.066666667,2.373333333,NA
"86","STM",261,5,"261_5","LF",18,49,27,9,71,64,210.9035206,8.055622437,10.03591638,62.64,3.806666667,0.2,4.866666667,37,27.66666667,0.753333333,2.733333333,NA
"87","STM",261,6,"261_6","LF",15,49,19,9,74,73,220.1527573,7.31729249,18.14928239,53.14,3.646666667,0.15,6.133333333,28.4,12.8,0.66,2.766666667,NA
"88","STM",261,7,"261_7","LF",37,50,22,12,43,69,160.7727909,7.049480887,17.9149151,62.85,3.753333333,0.23,3.666666667,21.8,12.13333333,0.566666667,2.813333333,NA
"89","STM",261,8,"261_8","UF",15,53,20,19,64,72,143.0119287,7.495643681,14.05292282,58.58,3.76,0.19,2,25.26666667,17.4,0.733333333,2.386666667,NA
"90","STM",261,9,"261_9","UF",16,43,23,15,66,81,170.4564491,5.432000764,17.23384406,52.96,3.706666667,0.2,3.4,26.2,14.6,0.66,2.606666667,NA
"91","STM",307,1,"307_1","LBF",25,57,19,20,88,79,222.1064624,5.746526764,11.7581168,47.52,3.82,0.14,3.8,27.66666667,16.2,0.78,1.54,NA
"92","STM",307,10,"307_10","REF",22,41,7,0,6,1,51.51417963,3.91564,1.730098112,39.22,4.366666667,0.09,3.066666667,19.4,10.93333333,1.313333333,1.14,NA
"93","STM",307,3,"307_3","LBF",27,36,16,2,49,45,80.6823349,6.108470737,30.28625244,48.61,3.993333333,0.11,3.6,17,7.333333333,0.92,1.166666667,NA
"94","STM",307,6,"307_6","AP",16,25,9,6,50,31,93.78506908,4.474421911,5.908993561,63.24,4.086666667,0.17,3.2,26.46666667,14.86666667,1.746666667,1.32,NA
"95","STM",307,7,"307_7","LBF",26,52,13,6,72,55,147.2007417,4.403626289,16.61729932,39.78,3.906666667,0.13,3.466666667,19.93333333,15.73333333,0.766666667,1.813333333,NA
"96","STM",307,9,"307_9","SFyoung",8,48,10,0,21,4,36.18669774,7.518257954,47.56430761,33.58,4.293333333,0.11,5.733333333,37.33333333,22.66666667,1.153333333,0.926666667,NA
"97","STM",357,10,"357_10","MA",8,7,3,0,0,0,0,3.16176,0,58.56,4.42,0.14,5.2,48.26666667,21,2.606666667,0.953333333,NA
"98","STM",357,11,"357_11","PA",26,16,11,0,0,0,0,1.81236,0,38.94,4.966666667,0.1,3.066666667,37.4,14.6,1.873333333,0.66,NA
"99","STM",357,2,"357_2","LBF",19,64,30,3,47,50,100.074686,4.928843252,31.65286374,74.25,3.913333333,0.18,2.733333333,23.8,13.2,1.12,1.98,NA
"100","STM",357,3,"357_3","SFold",17,43,24,6,32,25,43.20568587,6.372410542,5.694140228,77.24,4.386666667,0.2,1.933333333,28.8,17.13333333,2.006666667,1.26,NA
"101","STM",357,4,"357_4","SFyoung",20,40,9,6,18,13,19.57673746,5.679428701,4.770437102,25.35,4.286666667,0.04,2.533333333,17.33333333,12.26666667,0.826666667,0.713333333,NA
"102","STM",357,5,"357_5","BF",15,57,33,19,91,72,144.1099235,4.881604049,22.39305064,67.6,3.98,0.19,2.8,29.33333333,22.33333333,1.393333333,1.473333333,NA
"103","STM",357,6,"357_6","SFyoung",NA,54,21,8,38,20,31.21315803,4.407526408,1.922817383,37.39,4.426666667,0.08,1.533333333,17.93333333,10.86666667,0.726666667,0.926666667,NA
"104","STM",357,7,"357_7","PA",26,26,7,0,0,0,0,1.380679412,3.891108854,47.36,5.246666667,0.11,1.066666667,37.33333333,15.86666667,1.94,0.513333333,NA
"105","STM",357,8,"357_8","PA",26,18,14,0,0,0,0,1.074857597,2.440636305,27.41,5.26,0.06,1.466666667,27.13333333,11.73333333,1.38,0.406666667,NA
"106","STM",357,9,"357_9","SFyoung",NA,38,23,8,40,24,38.01141849,5.719546246,11.59555569,50.49,4.553333333,0.12,3.733333333,21,15.13333333,1.433333333,1.02,NA
"107","STM",363,1,"363_1","BF",14,36,23,7,66,72,252.9557866,8.099334692,33.40698648,60.16,3.893333333,0.16,2.933333333,24.13333333,16,0.82,1.666666667,NA
"108","STM",363,2,"363_2","BF",30,43,27,13,71,69,131.9968621,5.494832519,15.83950686,61.87,3.633333333,0.15,3.266666667,25.2,16.13333333,0.786666667,1.553333333,NA
"109","STM",363,3,"363_3","UF",30,49,23,19,71,70,242.329592,6.454612667,12.40357387,51.72,3.793333333,0.11,2.733333333,20.66666667,14.26666667,0.733333333,1.573333333,NA
"110","STM",363,4,"363_4","UF",19,41,32,21,60,68,144.3132673,5.738959937,24.39175157,59.13,3.806666667,0.15,5.533333333,28.06666667,14,0.86,1.546666667,NA
"111","STM",363,5,"363_5","UF",36,53,23,16,65,75,130.9971706,6.822168037,17.72881857,30.58,3.953333333,0.08,2.533333333,20.93333333,15.6,0.926666667,0.953333333,NA
"112","STM",363,6,"363_6","UF",31,70,36,17,60,62,204.0105044,6.924092709,17.94720516,63.59,3.626666667,0.15,4.066666667,30,14.93333333,0.78,2.366666667,NA
"113","STM",363,7,"363_7","UF",22,60,29,8,67,60,215.2091813,7.044648958,24.7542561,59.78,4.086666667,0.15,2.533333333,30.33333333,18.46666667,0.793333333,2.353333333,NA
"114","STM",363,8,"363_8","UF",21,46,37,3,46,63,302.5864687,8.817756634,12.04147588,57.55,3.793333333,0.15,2.533333333,20,13.66666667,0.84,1.746666667,NA
"115","STM",399,10,"399_10","LBF",19,47,26,15,75,48,86.16572201,8.081404555,34.05876919,25.29,4.22,0.07,6.333333333,16.46666667,13.26666667,0.466666667,1.006666667,NA
"116","STM",399,11,"399_11","SHA",12,30,14,0,3,0,0.660608069,5.718139852,8.865288895,27.11,4.64,0.07,4.933333333,21,13.46666667,1.473333333,0.566666667,NA
"117","STM",399,12,"399_12","SFyoung",16,23,6,6,21,3,10.6703906,5.423909935,0.129319185,54.08,4.693333333,0.13,1,22.06666667,10.46666667,1.993333333,0.833333333,NA
"118","STM",399,13,"399_13","PA",32,29,15,0,4,1,6.488322255,2.739802814,6.759702638,31.31,4.853333333,0.09,1.4,8.533333333,6,1.48,0.553333333,NA
"119","STM",399,3,"399_3","UF",15,55,28,3,38,41,233.605157,8.620908184,30.42970772,38.23,4.073333333,0.06,2.933333333,20.13333333,11.66666667,0.68,1.08,NA
"120","STM",399,5,"399_5","LBF",15,58,30,16,72,68,192.107082,7.456714964,43.75811859,99.87,3.686666667,0.21,5.133333333,24.6,25.66666667,0.673333333,3.466666667,NA
"121","STM",399,6,"399_6","LF",12,52,19,11,80,81,150.5223961,12.31706241,19.43497512,37.31,4.12,0.09,5.6,21.2,17.4,0.72,1.046666667,NA
"122","STM",399,7,"399_7","LF",20,30,27,10,43,60,98.69707582,7.175828662,25.90486697,66.07,3.806666667,0.22,5.266666667,33.53333333,21.13333333,0.76,2.413333333,NA
"123","STM",399,8,"399_8","SFyoung",21,47,31,13,51,25,28.88513407,4.851660833,40.851608,31.72,4.186666667,0.06,2.266666667,18.73333333,9.2,0.973333333,1.333333333,NA
"124","STM",399,9,"399_9","UF",21,52,35,6,34,55,148.4192797,5.768828926,30.02035389,50.04,3.82,0.15,1.933333333,22.2,12.4,0.9,1.746666667,NA
"125","STM",69,1,"69_1","MA",6,8,3,0,0,0,0,0,0,45.37,4.566666667,0.12,10,39.86666667,16.2,2.94,0.633333333,NA
"126","STM",69,10,"69_10","SFold",24,32,13,16,51,46,67.51077022,4.526165623,1.225763155,56.15,4.153333333,0.19,6,39.06666667,18.13333333,1.66,1.633333333,NA
"127","STM",69,11,"69_11","LBF",28,27,26,16,54,47,94.99844113,3.723295423,5.522433701,43.03,4.133333333,0.18,5.133333333,34.73333333,13.06666667,1.62,1.52,NA
"128","STM",69,2,"69_2","SFold",31,36,19,7,50,54,89.06664168,5.193668014,15.91547916,48.38,3.846666667,0.16,3.8,30.26666667,15.46666667,0.98,2.18,NA
"129","STM",69,3,"69_3","PA",18,14,6,0,0,0,0,0,0.021060373,62.38,4.526666667,0.15,4.133333333,27.8,19.26666667,2.213333333,0.76,NA
"130","STM",69,4,"69_4","PA",40,45,8,0,0,2,17.81864797,0.303307038,2.702906083,52.39,4.69,0.13,10.73333333,35.8,16.9,2.463333333,0.803333333,NA
"131","STM",69,5,"69_5","SHA",36,26,12,0,1,0,0.269840866,1.356188292,0,59.56,4.6,0.18,4.266666667,28.66666667,13.73333333,2.576666667,0.903333333,NA
"132","STM",69,6,"69_6","SFyoung",31,41,26,5,45,24,22.74108903,3.885773706,0.911419216,56.62,4.226666667,0.17,6.133333333,21.66666667,9.266666667,1.353333333,1.806666667,NA
"133","STM",69,7,"69_7","PA",25,22,9,0,0,0,0,0,0,50.27,4.433333333,0.17,7,30.53333333,16.73333333,2.066666667,0.873333333,NA
"134","STM",69,8,"69_8","LF",25,60,14,10,52,51,94.40319125,4.085046502,21.81204416,58.29,3.766666667,0.15,5.733333333,29,11.93333333,0.693333333,2.693333333,NA
"135","STM",69,9,"69_9","REF",30,16,8,0,2,0,0.057880392,2.39992,0,76.47,5.053333333,0.17,7.2,50.2,17.33333333,3.633333333,0.873333333,NA
"136","STM",81,1,"81_1","FRU",12,20,15,0,0,0,0,0,0,47.69,4.586666667,0.16,8.066666667,35.8,18.66666667,2.353333333,0.826666667,NA
"137","STM",81,10,"81_10","PA",26,19,9,0,0,0,0,0.08472719,0.041984624,51.79,4.7,0.14,6.466666667,29.93333333,25,2.48,0.76,NA
"138","STM",81,11,"81_11","SFold",22,47,14,14,59,51,92.27419546,5.85294293,17.79390072,47.06,4.053333333,0.18,3.866666667,24.46666667,14.6,0.973333333,1.926666667,NA
"139","STM",81,15,"81_15","LF",13,43,24,8,42,65,181.6018751,3.968408946,60.64174879,41.05,4.046666667,0.16,3.4,33.66666667,15.73333333,1.026666667,1.84,NA
"140","STM",81,2,"81_2","LBF",20,40,20,6,53,43,98.66501106,3.999749113,18.74966404,49.73,3.806666667,0.16,5.666666667,37.73333333,18,1.413333333,2.126666667,NA
"141","STM",81,3,"81_3","LBF",18,44,12,16,76,66,159.1386353,4.138446227,18.31306314,44.2,3.713333333,0.17,5.333333333,28.73333333,13.66666667,0.66,2.486666667,NA
"142","STM",81,6,"81_6","MA",9,22,12,0,0,0,0,0,0,50.97,4.453333333,0.14,3.733333333,27.33333333,20,1.813333333,1.22,NA
"143","STM",81,7,"81_7","SFold",23,32,10,17,50,43,67.99197163,4.635352346,0.930344783,58.25,3.806666667,0.14,7.066666667,33.93333333,21.06666667,0.546666667,3,NA
"144","STM",81,8,"81_8","PA",19,24,5,0,0,0,0,0,0,39.23,4.513333333,0.12,4.333333333,23.86666667,15.93333333,1.353333333,0.953333333,NA
"145","STM",81,9,"81_9","LBF",25,47,17,7,47,63,160.0463067,4.928105923,13.06865597,60.28,3.806666667,0.19,10.4,37.8,18.86666667,0.506666667,2.986666667,NA
"146","STM",99,10,"99_10","SFyoung",20,36,16,14,53,35,61.98671366,7.162829553,1.827664078,65.43,4.046666667,0.17,3.933333333,22.73333333,17.06666667,1.626666667,1.846666667,NA
"147","STM",99,11,"99_11","SFyoung",35,42,15,0,22,0,1.319045422,3.911346862,0,33.18,4.766666667,0.13,4.8,25.33333333,14.13333333,1.826666667,0.766666667,NA
"148","STM",99,2,"99_2","FRU",24,21,13,0,0,0,0,3.99216,0,50.26,4.96,0.13,4.666666667,31.2,21.86666667,2.986666667,0.7,NA
"149","STM",99,3,"99_3","PA",18,31,5,0,3,0,0.368470778,0,0.428992331,64.2,4.753333333,0.17,3.6,32.6,20.53333333,2.36,0.866666667,NA
"150","STM",99,4,"99_4","SFyoung",20,14,15,2,36,25,30.37044592,5.023239578,1.364143585,52.64,5.2,0.16,2.266666667,32.2,15.33333333,2.846666667,0.5,NA
"151","STM",99,5,"99_5","PA",30,27,13,0,0,0,0,0,0,57.9,5.073333333,0.12,5.2,24.93333333,19.13333333,3.493333333,0.766666667,NA
"152","STM",99,6,"99_6","SFold",23,26,18,6,48,38,50.00565779,5.509016206,3.733288896,49.11,4.326666667,0.16,3.133333333,28.73333333,14.73333333,0.766666667,1.953333333,NA
"153","STM",99,7,"99_7","SFold",20,21,17,4,42,39,38.72963115,3.821722925,10.08552916,48,4.8,0.15,4.133333333,29,16,1.973333333,1.346666667,NA
"154","STM",99,8,"99_8","SFyoung",21,30,17,8,49,36,40.69261205,6.893400358,3.239973138,68.45,4.633333333,0.22,2.533333333,26.06666667,13.4,3.993333333,0.913333333,NA
"155","STM",99,9,"99_9","PA",27,26,8,0,0,0,0,0,0,56.29,5.013333333,0.16,1.733333333,35.13333333,17.8,2.34,0.606666667,NA
"156","STM",199,2,"199_2","MA",18,9,11,0,0,0,0,NA,0,NA,NA,NA,NA,NA,NA,NA,NA,NA
"157","PGM",44,12,"44_12","SFyoung",25,42,10,0,5,0,3.76802542,2.024270752,31.18179035,26.04,5.253333333,0.06,5.133333333,24.46666667,15.13333333,2.56,0.313333333,9
"158","PGM",44,15,"44_15","PA",21,32,9,0,0,1,0.108242127,1.545372784,4.304058922,29.27,5.4,0.06,3.333333333,23,13.53333333,2.346666667,0.233333333,2
"159","PGM",44,2,"44_2","LBF",31,38,8,14,70,40,103.7448579,10.56786492,77.26790417,119.2,5,0.25,3.733333333,55.73333333,39.93333333,2.4,1.053333333,5
"160","PGM",44,3,"44_3","PA",26,30,12,0,1,0,0.019383225,0.757174211,8.749420367,40.51,5.277777778,0.09,3.222222222,42.11111111,31.11111111,2.055555556,0.533333333,4
"161","PGM",44,4,"44_4","LBF",28,74,17,2,46,45,99.36787231,10.1481038,48.54016575,31.62,4.277777778,0.07,4.333333333,30.22222222,25.11111111,0.566666667,1.388888889,3
"162","PGM",44,5,"44_5","LBF",29,46,10,8,45,44,153.8819596,9.539424338,26.7890837,42.28,4.606666667,0.1,4.333333333,38.93333333,24.26666667,0.846666667,1.146666667,6
"163","PGM",44,6,"44_6","LBF",30,40,14,9,39,28,76.22481753,8.123793412,52.56535986,35.62,4.526666667,0.08,7.933333333,27,17.06666667,1.9,0.633333333,10
"164","PGM",44,7,"44_7","PA",16,39,13,0,2,0,0.360304968,0.890292114,8.582113309,36.47,5.466666667,0.07,5.666666667,37.11111111,24.44444444,2.166666667,0.3,5
"165","PGM",44,8,"44_8","PA",12,11,8,0,0,0,0,2.84661375,4.54430685,31.08,5.366666667,0.06,3.555555556,32.22222222,19,1.633333333,0.333333333,6
"166","PGM",44,9,"44_9","SHA",34,37,11,0,4,0,0.501402665,2.430252027,19.73110525,50.45,4.866666667,0.11,5.777777778,25,16.44444444,1.988888889,0.711111111,5
"167","PGM",100,10,"100_10","SFyoung",24,44,16,4,23,3,7.432500062,4.861653868,1.456190358,42.45,4.773333333,0.07,5.333333333,36.06666667,27.93333333,1.16,0.826666667,10
"168","PGM",100,2,"100_2","SFyoung",13,31,11,6,27,3,6.864978064,4.603716458,8.465086831,98.4,4.86,0.15,2.733333333,43.6,21.86666667,2.886666667,0.893333333,12
"169","PGM",100,3,"100_3","LBF",20,61,19,2,26,47,71.32717881,7.368430526,30.33734163,83.86,4.513333333,0.14,4.933333333,46.46666667,25.33333333,2.46,1.293333333,13
"170","PGM",100,5,"100_5","LF",23,49,16,11,72,65,113.9018125,11.46235454,39.46632225,62.28,4.38,0.11,4.133333333,31.46666667,24.33333333,1.166666667,1.3,9
"171","PGM",100,6,"100_6","LBF",25,49,16,0,19,55,114.2628193,10.93126196,34.01747769,48.99,4.406666667,0.09,2.466666667,26.66666667,20.53333333,1.12,1.146666667,13
"172","PGM",100,9,"100_9","LBF",19,38,17,1,19,16,15.15094662,8.421195098,11.20559814,60.45,4.553333333,0.11,6,58.4,41.13333333,1.993333333,0.713333333,14
"173","PGM",142,1,"142_1","LF",23,38,26,19,79,46,87.80951782,8.125422855,26.47313805,54.49,4.653333333,0.13,3.133333333,43.33333333,35.46666667,1.78,0.913333333,5
"174","PGM",142,11,"142_11","PA",11,24,9,0,5,0,0.386795401,2.350434531,0,81.56,5.853333333,0.16,3.066666667,87.86666667,39.26666667,4.006666667,0.173333333,9
"175","PGM",142,12,"142_12","LBF",18,35,17,18,63,55,125.3605733,7.277265874,14.74334435,90.36,4.773333333,0.18,2.866666667,36.6,27.13333333,3.106666667,1.086666667,6
"176","PGM",142,13,"142_13","SFyoung",24,26,16,5,22,25,18.86652831,9.861049868,6.493806272,79.26,5.133333333,0.16,2.466666667,41.13333333,27.6,2.84,0.813333333,3
"177","PGM",142,3,"142_3","LF",18,52,29,18,75,69,128.0383727,7.926171224,32.35022397,56.93,4.56,0.11,2.8,34.8,28.8,1.366666667,1.206666667,3
"178","PGM",142,4,"142_4","LBF",26,61,20,10,79,50,140.5845921,7.947101555,28.8529712,63.26,4.76,0.13,4.266666667,30.33333333,17.93333333,1.16,1.26,4
"179","PGM",142,5,"142_5","LF",18,20,29,25,63,55,257.9174932,10.03462455,12.52165956,112.4,5.246666667,0.23,3.866666667,93.66666667,58.53333333,4.186666667,0.373333333,2
"180","PGM",142,6,"142_6","LBF",30,35,20,26,48,49,75.65209617,5.378503089,10.09423548,135.39,5.22,0.27,4.866666667,71.93333333,42.93333333,5.373333333,0.413333333,1
"181","PGM",142,7,"142_7","PA",25,25,12,1,5,0,1.621393913,4.090196093,0.003638632,77.28,5.6,0.17,4.777777778,96.33333333,52.77777778,6.133333333,0.211111111,1
"182","PGM",142,8,"142_8","PA",16,31,9,0,0,0,0,1.033371333,0,77.86,5.133333333,0.13,6.111111111,43.11111111,25.66666667,2.933333333,0.322222222,6
"183","PGM",142,9,"142_9","PA",10,30,7,0,5,0,0.343305756,2.610210956,3.954801773,70.51,5.68,0.16,4.2,66.93333333,33.13333333,4.06,0.306666667,5
"184","PGM",147,1,"147_1","LF",27,55,15,13,73,64,99.28677709,7.962112801,25.51310297,66.07,4.92,0.19,1.2,41.46666667,24.66666667,2.626666667,0.653333333,5
"185","PGM",147,11,"147_11","LF",22,55,19,11,57,54,133.8508354,13.01900159,40.16646297,66.94,4.3,0.2,2.133333333,41.73333333,31.6,2.293333333,0.773333333,4
"186","PGM",147,12,"147_12","PA",19,52,11,0,0,0,0,1.6371045,0,29.49,4.58,0.07,2.733333333,22.4,14.73333333,1.926666667,0.473333333,6
"187","PGM",147,13,"147_13","SFyoung",20,35,10,0,2,2,1.291180966,10.38420165,1.120053655,71.27,4.866666667,0.15,1.266666667,56.33333333,33.33333333,2.373333333,0.633333333,12
"188","PGM",147,2,"147_2","LBF",30,49,16,14,65,57,91.58682293,10.62582237,22.241313,82.76,5.486666667,0.21,1.6,68.2,43.6,4.68,0.42,5
"189","PGM",147,3,"147_3","LBF",29,56,9,11,80,56,92.79769929,9.881861285,23.07462569,66.61,4.866666667,0.19,1.266666667,48.4,35.46666667,2.306666667,0.58,2
"190","PGM",147,4,"147_4","SFyoung",32,50,12,15,31,34,58.38936055,7.942864868,2.960952302,90.19,4.48,0.22,3.333333333,48.06666667,40.46666667,2.78,0.926666667,7
"191","PGM",147,5,"147_5","LF",31,62,12,12,57,69,112.5821201,11.46897237,28.33026808,110,4.055555556,0.25,5.444444444,54.11111111,52.88888889,1.311111111,2.377777778,5
"192","PGM",147,7,"147_7","LF",27,60,13,19,84,64,123.28103,6.868869272,49.6035425,95.7,4.533333333,0.25,4.2,65.13333333,47.46666667,3.426666667,0.973333333,4
"193","PGM",147,8,"147_8","LF",28,60,19,17,64,72,126.4020745,9.862605933,11.89223738,66.9,4.733333333,0.19,1.4,38.4,26.8,1.873333333,0.826666667,7
"194","PGM",152,1,"152_1","SFold",18,45,4,7,21,11,37.32723572,10.76443705,2.013668443,75.87,4.111111111,0.14,6.111111111,30.11111111,24,0.733333333,1.666666667,6
"195","PGM",152,10,"152_10","PA",19,38,8,0,0,1,0.950552749,1.201193636,0.971525435,35,4.955555556,0.07,5.777777778,41.66666667,27.33333333,1.5,0.711111111,6
"196","PGM",152,11,"152_11","PA",12,45,11,0,1,2,0.287158777,1.005472707,1.885023884,35.13,4.9,0.09,3.444444444,128.1111111,88.11111111,3.744444444,3,8
"197","PGM",152,12,"152_12","PA",11,35,5,0,0,0,0,0.187264588,1.050143599,44.1,5.188888889,0.09,4.555555556,36.77777778,34.33333333,1.111111111,0.822222222,3
"198","PGM",152,2,"152_2","SFyoung",24,37,10,8,28,18,34.36265568,8.405241831,2.050289177,59.04,4.455555556,0.11,8.222222222,53.66666667,34.11111111,0.933333333,1.166666667,11
"199","PGM",152,3,"152_3","SFyoung",21,53,7,4,34,23,47.45366323,6.504976879,3.641900357,41.67,4.025,0.08,14.125,38.75,25.625,1.1625,1.2375,9
"200","PGM",152,4,"152_4","SFold",25,25,12,8,40,28,58.20168765,12.76903137,7.341484291,44.09,4.133333333,0.08,6.333333333,43,33.22222222,0.877777778,1.488888889,11
"201","PGM",152,5,"152_5","PA",10,33,5,0,1,0,0.005107374,2.66931856,0.028163037,60.52,4.644444444,0.12,7.555555556,32,20.11111111,1.511111111,0.8,3
"202","PGM",152,6,"152_6","SFold",17,33,10,5,35,32,55.05138079,12.46017329,2.598850305,86.22,4.166666667,0.16,8.666666667,55.44444444,42.33333333,1.144444444,2.033333333,5
"203","PGM",152,7,"152_7","SFyoung",21,47,4,3,19,11,10.60047011,9.250552096,2.754294838,44.62,4.511111111,0.08,6.666666667,32.11111111,19.22222222,1.444444444,0.722222222,14
"204","PGM",152,8,"152_8","SFyoung",22,47,10,9,40,24,46.44217225,12.98515428,6.192704416,47.96,4.244444444,0.09,6.444444444,32.66666667,21.44444444,0.744444444,1.388888889,14
"205","PGM",152,9,"152_9","PA",7,50,3,0,2,0,0.024421159,1.43072,0,34.49,5.188888889,0.06,5.444444444,24.77777778,20.55555556,0.755555556,0.711111111,7
"206","PGM",202,1,"202_1","LBF",25,40,16,15,71,66,83.92342096,10.69646621,23.93181484,57,4.866666667,0.16,1.533333333,43.2,28.33333333,2.98,0.52,5
"207","PGM",202,12,"202_12","PA",9,21,9,0,0,0,0,1.65152,0,53.83,5.506666667,0.14,2,61.6,35.86666667,3.253333333,0.166666667,1
"208","PGM",202,13,"202_13","LBF",20,46,20,15,55,63,71.38053808,11.06040731,10.83888848,58.54,5.006666667,0.18,1.866666667,41.46666667,28.06666667,2.78,0.613333333,10
"209","PGM",202,14,"202_14","AP",16,36,12,5,18,8,36.83486607,7.698089251,0.338586873,40.21,4.94,0.09,4,38.8,18.4,1.646666667,0.64,5
"210","PGM",202,2,"202_2","LBF",17,40,10,10,48,33,41.10912059,10.99054456,4.235351669,99.11,5.006666667,0.27,4.6,93.33333333,60.26666667,5.953333333,0.286666667,5
"211","PGM",202,3,"202_3","MA",11,21,5,0,0,0,0,0,0,47.53,4.673333333,0.12,2.533333333,33.13333333,22.93333333,1.713333333,0.773333333,3
"212","PGM",202,4,"202_4","REF",17,12,8,0,1,1,40.41692168,4.802315868,0.008284639,108.99,5.211111111,0.23,6.111111111,69.77777778,40.77777778,5.522222222,0.766666667,2
"213","PGM",202,5,"202_5","PA",9,7,6,0,0,0,0,0,0,38.2,5.213333333,0.08,3.066666667,56.73333333,27.93333333,2.013333333,0.366666667,4
"214","PGM",202,6,"202_6","MA",9,11,6,0,0,0,0,0,0,70.11,5.126666667,0.17,4.6,89.6,43.66666667,2.946666667,0.413333333,1
"215","PGM",202,7,"202_7","PA",18,38,9,0,4,1,0.301372709,1.924821333,0.124615132,62.14,5.593333333,0.15,2,46.86666667,24.66666667,3.94,0.16,9
"216","PGM",202,9,"202_9","PA",16,19,7,0,0,0,0,0.002473333,0,34.81,5.36,0.09,3.666666667,64.53333333,30.86666667,2.026666667,0.266666667,1
"217","PGM",235,1,"235_1","LF",11,38,17,21,78,58,128.3159716,10.38609815,13.32360176,65.38,4.713333333,0.17,2.333333333,42,31.86666667,2.006666667,0.986666667,6
"218","PGM",235,10,"235_10","PA",18,32,10,0,0,0,0,1.8339968,0.207676047,60,5.926666667,0.15,5.066666667,41.93333333,27.46666667,3.8,0.12,NA
"219","PGM",235,3,"235_3","LBF",32,38,22,16,57,60,54.60363254,9.317715003,30.53377727,60.27,5.1,0.16,1.666666667,65.73333333,34.8,3.613333333,0.32,4
"220","PGM",235,4,"235_4","SFold",22,37,19,9,59,47,60.01028391,15.12183163,6.532373417,79.37,5.266666667,0.19,3,62.4,32.53333333,4.486666667,0.353333333,3
"221","PGM",235,5,"235_5","SFyoung",24,23,17,9,26,10,30.02362811,12.40604853,0.22539012,40.34,4.973333333,0.09,5.066666667,34.86666667,18.66666667,1.473333333,0.7,7
"222","PGM",235,6,"235_6","PA",11,22,9,0,1,1,0,2.744989,0.078112406,60.34,5.593333333,0.15,6.066666667,56.4,28.73333333,2.953333333,0.286666667,1
"223","PGM",235,7,"235_7","PA",16,25,9,0,1,0,0.018206817,1.80596,0,74.33,5.633333333,0.19,9.8,56.13333333,29.4,4.226666667,0.2,4
"224","PGM",235,8,"235_8","PA",17,10,13,0,0,0,0,1.15032,0,62.16,5.7,0.15,8.2,91.26666667,52.8,3.593333333,0.2,3
"225","PGM",245,1,"245_1","PA",17,34,5,0,1,0,0.06906707,0.86416,0,34,5.155555556,0.06,3.333333333,38,26.22222222,1.644444444,0.444444444,8
"226","PGM",245,11,"245_11","LBF",31,46,15,9,52,59,123.6270351,8.891190126,10.95849305,74.07,4.58,0.15,4.2,27.73333333,29.26666667,0.68,1.62,15
"227","PGM",245,12,"245_12","PA",14,44,7,0,2,0,0.310647026,0.96192,0,26.35,4.973333333,0.05,8.6,40.26666667,27.73333333,1.186666667,0.473333333,6
"228","PGM",245,13,"245_13","PA",14,31,4,0,0,0,0,0,0,20.41,5.126666667,0.04,7.2,21,15.2,1.553333333,0.62,3
"229","PGM",245,14,"245_14","PA",20,31,6,0,3,1,1.383039113,2.238835606,0,26.71,5.213333333,0.05,6.333333333,19.33333333,14,1.693333333,0.306666667,3
"230","PGM",245,2,"245_2","LF",29,22,20,13,78,53,115.7497677,9.67430356,27.10767889,35.5,4.422222222,0.06,5.777777778,40.11111111,28.11111111,0.588888889,1.2,4
"231","PGM",245,4,"245_4","LF",32,49,16,14,46,58,95.37121935,6.642003006,13.87076178,26.89,4.733333333,0.07,7.466666667,35.4,26.33333333,1.026666667,1.106666667,4
"232","PGM",245,5,"245_5","LF",16,58,12,11,51,64,214.1149162,8.589717959,21.12035151,45.09,4.58,0.08,6.8,58.46666667,39.06666667,0.94,1.46,12
"233","PGM",245,6,"245_6","LF",22,53,4,13,74,71,166.2762856,9.608067184,30.61709911,77.42,4.666666667,0.21,3.266666667,33.53333333,27.06666667,1.32,1.466666667,6
"234","PGM",245,7,"245_7","SFyoung",46,33,8,9,39,35,57.24939216,9.291002395,2.568337015,43.11,4.96,0.08,5.666666667,27.53333333,22.4,1.1,0.986666667,9
"235","PGM",245,9,"245_9","LF",46,69,19,20,59,61,133.7224095,8.148961339,56.74157248,30.27,4.866666667,0.07,5.266666667,28.26666667,21.53333333,0.606666667,0.813333333,6
"236","PGM",269,1,"269_1","LBF",28,45,3,16,58,54,117.7800652,12.96411309,26.09769725,69.16,5.146666667,0.17,1.666666667,38.6,27.86666667,3.933333333,0.44,5
"237","PGM",269,10,"269_10","LF",28,42,10,14,57,64,123.9608501,9.926963767,39.00264873,62,4.213333333,0.17,4.6,38.53333333,28.86666667,1.12,1.606666667,8
"238","PGM",269,11,"269_11","LF",25,48,14,16,75,49,132.8449912,5.957931849,25.54927591,67.51,4.393333333,0.15,5.2,34.2,25.6,0.706666667,1.653333333,7
"239","PGM",269,12,"269_12","PA",9,16,1,0,0,0,0,0.6384,0,41.35,5.6,0.07,7.4,28.8,14,2.606666667,0.24,3
"240","PGM",269,13,"269_13","PA",15,22,2,1,3,1,1.0439192,2.66344067,6.877189555,58.47,5.653333333,0.15,4.4,47.53333333,23.4,4.313333333,0.233333333,2
"241","PGM",269,14,"269_14","PA",17,17,3,0,0,0,0,0.58644,0,31.58,4.666666667,0.06,5,41.77777778,26.33333333,1.377777778,0.633333333,3
"242","PGM",269,15,"269_15","PA",25,37,1,0,1,0,0.188628447,3.830884667,0.087932109,42.61,5.133333333,0.08,5,18.73333333,11.86666667,2.353333333,0.333333333,1
"243","PGM",269,2,"269_2","LBF",26,40,3,17,41,43,68.82600009,9.66238864,22.27067831,64.7,4.98,0.18,1.466666667,36.46666667,27.26666667,3.286666667,0.553333333,7
"244","PGM",269,4,"269_4","LF",23,51,11,22,68,59,181.8823853,10.59670629,42.08014185,49.5,4.54,0.16,1.733333333,33.4,25.73333333,1.66,1,6
"245","PGM",269,6,"269_6","LBF",33,44,9,10,49,34,60.74082129,11.8262773,33.84976333,56.01,5.233333333,0.15,1.666666667,38.44444444,27.22222222,2.9,0.544444444,7
"246","PGM",269,7,"269_7","LF",32,64,7,7,57,49,133.1015756,10.91942887,59.56802797,48.44,4.533333333,0.1,5.8,24.46666667,18.8,0.72,1.146666667,6
"247","PGM",269,8,"269_8","LBF",35,75,10,7,70,57,193.2766869,8.259079385,4.545245429,40.03,4.666666667,0.09,3,23.93333333,16.46666667,0.606666667,1.133333333,12
"248","PGM",274,1,"274_1","LBF",38,39,15,13,70,56,99.04586024,10.16235662,20.99651152,51.59,5.066666667,0.13,3,35.66666667,31.77777778,1.877777778,0.766666667,5
"249","PGM",274,10,"274_10","PA",23,14,5,0,0,0,0,0.839942,0,59.08,5.144444444,0.14,4.666666667,75.66666667,46.66666667,3.3,0.144444444,1
"250","PGM",274,11,"274_11","MA",12,9,3,0,0,0,0,0.926,0,62.27,4.866666667,0.15,5.777777778,62.22222222,42.44444444,3.1,0.422222222,2
"251","PGM",274,12,"274_12","MA",22,11,8,0,0,0,0,2.98908,0,53.35,4.633333333,0.13,5,50.33333333,31.55555556,1.966666667,0.711111111,1
"252","PGM",274,2,"274_2","LBF",36,43,8,15,51,52,80.34068898,6.4757792,20.38140451,58.75,5.077777778,0.17,2.111111111,45.77777778,36.88888889,3.388888889,0.355555556,5
"253","PGM",274,3,"274_3","LF",36,48,18,23,68,70,217.3863368,9.451297881,23.39147307,52.32,4.566666667,0.15,2.555555556,56.22222222,43.77777778,2.311111111,0.922222222,6
"254","PGM",274,4,"274_4","LBF",34,49,14,14,52,56,76.43179192,12.63387961,16.42342898,52.54,5.077777778,0.15,1.888888889,58.77777778,38.55555556,3.333333333,0.4,2
"255","PGM",274,6,"274_6","LBF",35,43,18,18,69,61,84.55914035,8.922247503,13.57173837,61.31,5.077777778,0.17,1.555555556,45.33333333,32.77777778,2.155555556,0.655555556,6
"256","PGM",274,7,"274_7","LBF",27,63,10,14,75,66,127.26487,7.300182377,36.06079013,53.66,4.577777778,0.13,2.666666667,41.33333333,27.77777778,1.6,1.122222222,2
"257","PGM",274,8,"274_8","LBF",34,41,11,12,53,52,62.24307362,6.673018895,19.22696108,53.36,5.411111111,0.14,1.333333333,41,26.77777778,4.466666667,0.355555556,4
"258","PGM",274,9,"274_9","MA",14,11,5,0,0,0,0,0.78212,0,54.39,5.155555556,0.13,5.555555556,73.44444444,44.88888889,3.411111111,0.288888889,2
"259","PGM",315,1,"315_1","LBF",26,56,27,12,60,43,71.73035919,10.41718997,29.61950272,36.42,4.077777778,0.08,3.555555556,27.66666667,17.44444444,0.644444444,1.244444444,8
"260","PGM",315,11,"315_11","LBF",29,61,17,6,28,8,15.54980941,6.969179412,27.23572236,52.39,5.633333333,0.14,4.666666667,67.77777778,45.77777778,4.477777778,0.2,6
"261","PGM",315,2,"315_2","SFyoung",28,43,23,1,19,21,28.12953757,8.496971494,4.130668689,58.6,4.5,0.15,1.777777778,41.88888889,26.22222222,1.8,0.922222222,11
"262","PGM",315,3,"315_3","LBF",23,62,30,14,83,65,123.7827807,8.185549153,25.52310369,37.92,4.3375,0.09,3.125,33.0625,53.625,0.84375,1.30625,11
"263","PGM",315,4,"315_4","LBF",28,42,30,8,51,36,119.1228497,13.70798818,46.70967541,36.65,3.888888889,0.08,5.777777778,45.11111111,28.22222222,1.288888889,1.122222222,9
"264","PGM",315,5,"315_5","LBF",22,40,20,1,12,4,6.117914224,5.107460781,9.74796457,54.95,5.433333333,0.14,3,123.4,89,3.76,0.353333333,7
"265","PGM",315,6,"315_6","MA",7,18,8,0,0,0,0,0,0,51.37,4.622222222,0.13,2.222222222,118.6666667,68.55555556,3.133333333,0.511111111,3
"266","PGM",315,7,"315_7","PA",17,34,12,0,3,0,0.024908625,10.73915482,0.386677308,34.2,4.726666667,0.06,3,34.33333333,40.26666667,1.44,0.606666667,8
"267","PGM",315,8,"315_8","PA",12,21,10,0,0,0,0,1.6356,0,57.04,5.42,0.14,3,113.6,54.13333333,3.066666667,0.3,2
"268","PGM",315,9,"315_9","MA",16,16,11,0,0,0,0,0,0,55.38,5.133333333,0.13,3.6,55,17.13333333,3.173333333,0.333333333,6
"269","PGM",342,1,"342_1","LF",25,79,32,12,68,53,113.4753233,14.2827872,18.11778803,154.98,4.54,0.23,4.6,53.4,25.33333333,1.226666667,1.833333333,5
"270","PGM",342,10,"342_10","SFyoung",15,60,26,10,49,44,72.15434008,6.872160699,7.407628803,45.48,4.053333333,0.08,4.933333333,19.26666667,19.26666667,0.486666667,1.42,4
"271","PGM",342,11,"342_11","SFyoung",23,61,28,12,45,46,73.46107081,6.592581711,4.814304043,61.21,4.5,0.12,5.133333333,28.33333333,24,0.566666667,1.506666667,10
"272","PGM",342,12,"342_12","SFold",18,39,22,13,40,52,107.0018438,7.57058944,30.07717789,68.24,4.26,0.17,2.333333333,32.93333333,24.73333333,0.666666667,1.66,4
"273","PGM",342,2,"342_2","LF",26,61,21,8,63,46,105.5572004,8.214027554,65.6614417,72.69,4.173333333,0.16,2.933333333,29.4,17.93333333,0.993333333,1.713333333,6
"274","PGM",342,3,"342_3","LF",20,51,18,5,58,25,69.40645393,7.066696697,28.81862916,57.38,4.486666667,0.17,2.666666667,26,20.6,1.033333333,1.486666667,6
"275","PGM",342,4,"342_4","LF",22,60,34,13,69,60,139.1545231,6.797652695,27.98626712,84.33,4.353333333,0.19,5.4,41.06666667,30.8,1.713333333,1.413333333,7
"276","PGM",342,5,"342_5","LF",19,53,20,18,69,63,126.8669911,9.575323488,47.9085217,73.21,4.533333333,0.2,3.6,33.4,32.13333333,2.62,1.18,4
"277","PGM",342,6,"342_6","LF",18,65,26,11,82,53,113.8793774,8.700948323,34.36784663,43.97,4.06,0.07,6.266666667,33.66666667,41.86666667,0.82,1.38,6
"278","PGM",342,7,"342_7","LF",30,44,29,20,63,52,78.80721056,7.348983732,38.4588395,54.98,4.62,0.17,2.4,51.2,55.06666667,1.766666667,1.006666667,NA
"279","PGM",342,8,"342_8","LF",16,49,27,18,66,52,110.29828,12.93010555,43.76383871,71.29,4.44,0.17,3,56.53333333,42.13333333,1.98,1,7
"280","PGM",342,9,"342_9","LBF",12,71,25,15,57,51,157.9512891,10.59583308,31.99738258,78.39,4.533333333,0.18,2.533333333,30.86666667,21.33333333,1.706666667,1.233333333,10
"281","PGM",358,3,"358_3","REF",12,34,10,0,1,1,12.16171743,5.316795899,0,30.71,4.746666667,0.06,5.8,43.2,18.93333333,1.293333333,0.526666667,2
"282","PGM",358,4,"358_4","LF",34,67,24,24,64,59,143.253466,10.2318792,7.949163513,73.63,4.986666667,0.18,1.933333333,48.33333333,30,3.233333333,0.5,16
"283","PGM",358,5,"358_5","LBF",38,35,26,9,59,58,87.01003975,13.77317367,38.97935757,55.86,4.673333333,0.14,1.333333333,40.26666667,26.8,1.466666667,1.006666667,16
"284","PGM",358,6,"358_6","REF",17,13,7,0,1,0,14.36331422,4.433267,0,23.61,4.306666667,0.05,4.333333333,19.2,10.6,0.786666667,0.706666667,3
"285","PGM",358,7,"358_7","REF",19,23,11,0,1,0,8.178330958,3.519987543,0,29.49,4.94,0.06,5.4,27.6,15.8,1.853333333,0.413333333,6
"286","PGM",358,9,"358_9","REF",15,17,13,0,1,0,6.411801295,2.647453545,0,25.78,5.093333333,0.05,4.6,25.66666667,24.33333333,2.026666667,0.28,5
"287","PGM",369,1,"369_1","LBF",28,43,20,15,37,36,50.26561357,9.957687308,10.99825921,57.6,5.188888889,0.14,2,48.22222222,32.22222222,4.155555556,0.488888889,4
"288","PGM",369,10,"369_10","LF",23,58,18,9,70,58,149.7202339,8.768460358,49.17885092,48.64,4.533333333,0.09,4.111111111,27.33333333,25,0.677777778,1.233333333,6
"289","PGM",369,11,"369_11","PA",24,19,10,0,1,0,0.012785537,3.134824576,8.532822284,44.67,4.8,0.1,5,77,59.22222222,3.044444444,0.788888889,6
"290","PGM",369,12,"369_12","PA",19,26,10,0,0,0,0,1.615408889,0.218863542,48.07,4.788888889,0.1,3.333333333,38.77777778,35.55555556,1.366666667,0.633333333,6
"291","PGM",369,13,"369_13","PA",19,27,14,0,1,0,0.010122599,2.20204411,0.441789459,50.35,5.111111111,0.12,3.333333333,57.22222222,52.11111111,2.155555556,0.666666667,4
"292","PGM",369,3,"369_3","LF",25,36,25,27,50,50,74.73253189,8.028595155,5.786574568,52.27,4.233333333,0.13,1.333333333,32.11111111,23.55555556,0.744444444,1.777777778,6
"293","PGM",369,4,"369_4","LF",18,65,22,5,55,40,104.0889993,11.25318668,21.73693753,57.88,4.666666667,0.13,1,22.88888889,20.44444444,0.666666667,1.1,8
"294","PGM",369,5,"369_5","LBF",23,45,21,21,51,51,118.0590064,9.356313129,40.36751587,70.36,4.688888889,0.18,2,45.11111111,26.11111111,3.211111111,0.622222222,3
"295","PGM",369,6,"369_6","LBF",21,49,18,20,37,34,58.04370371,8.226379911,21.80483076,65.36,4.777777778,0.17,3.444444444,41.77777778,31.44444444,3.622222222,0.577777778,2
"296","PGM",369,7,"369_7","LF",29,45,20,11,82,64,109.5061171,9.596202004,31.75858672,51.51,4.644444444,0.16,3,47.11111111,46.11111111,2.411111111,0.933333333,9
"297","PGM",369,8,"369_8","LF",29,45,19,12,67,58,98.51117026,7.426809558,30.39662488,59.63,4.522222222,0.15,3.222222222,34.77777778,28.66666667,2.155555556,1.055555556,5
"298","PGM",423,1,"423_1","LBF",39,32,10,3,38,21,55.11195132,9.40345785,18.84182391,30.47,4.711111111,0.06,4.444444444,35.11111111,39.11111111,1.388888889,0.733333333,4
"299","PGM",423,10,"423_10","MA",23,18,4,0,0,0,0,0,0,69.89,5.111111111,0.16,3.222222222,64.88888889,46.88888889,4.377777778,0.322222222,2
"300","PGM",423,11,"423_11","MA",12,6,3,0,0,0,0,2.1138,0,62.77,4.866666667,0.15,4.555555556,79.22222222,51.11111111,3.1,0.388888889,4
"301","PGM",423,12,"423_12","MA",14,8,10,0,0,0,0,0,0,55.64,4.933333333,0.14,3.444444444,46.66666667,29.44444444,3.088888889,0.511111111,2
"302","PGM",423,13,"423_13","REF",25,9,4,0,0,1,49.33637753,8.10992,0,27.49,4.644444444,0.05,4.777777778,22.66666667,12.55555556,0.744444444,0.6,1
"303","PGM",423,5,"423_5","LBF",37,40,10,3,38,33,98.63800975,10.58607451,23.71049267,89.81,4.511111111,0.19,3.888888889,82.33333333,66.11111111,2.877777778,0.988888889,3
"304","PGM",423,6,"423_6","LBF",32,46,19,7,42,37,83.19702074,9.302183014,33.91019111,26.75,4.622222222,0.05,2.555555556,24.55555556,16.88888889,1.255555556,0.533333333,6
"305","PGM",423,7,"423_7","LF",21,64,8,13,59,59,221.1138381,9.255832746,28.27804562,63.86,4.611111111,0.16,2.111111111,43,30.66666667,2.311111111,0.833333333,2
"306","PGM",423,8,"423_8","REF",26,14,8,0,1,1,41.67725815,7.191252667,0,17.4,4.244444444,0.04,5.555555556,15.11111111,14.66666667,0.566666667,0.722222222,4
"307","PGM",423,9,"423_9","LBF",28,51,5,3,33,21,44.46567348,9.335410889,18.40126168,34.36,4.455555556,0.07,3.777777778,24.88888889,31,1.444444444,0.811111111,3
"308","PGM",443,1,"443_1","LBF",21,56,10,11,34,52,59.04195154,12.43726642,82.62974376,27.63,5.113333333,0.05,4.933333333,28.73333333,20.66666667,2.353333333,0.313333333,6
"309","PGM",443,2,"443_2","LF",18,56,12,13,51,62,133.062027,7.507878752,30.46461519,34.13,4.406666667,0.07,4.066666667,30,22,1.28,0.726666667,7
"310","PGM",443,3,"443_3","PA",26,36,2,0,0,0,0,2.5098,0,27.6,4.833333333,0.05,5.533333333,22.86666667,13.66666667,1.746666667,0.326666667,2
"311","PGM",443,4,"443_4","LF",28,42,4,17,61,56,125.4631246,9.253017975,21.01041984,28.23,4.626666667,0.05,3,20.93333333,21.8,0.76,0.72,11
"312","PGM",443,5,"443_5","PA",23,29,5,0,0,0,0,4.783015967,0.188377094,39.94,5.586666667,0.06,5.4,58,33.53333333,3.326666667,0.146666667,1
"313","PGM",443,6,"443_6","PA",27,23,2,0,0,0,0,2.7166014,0.088979916,23.66,4.746666667,0.04,3.8,24.86666667,12.6,1.36,0.42,2
"314","PGM",443,7,"443_7","PA",25,32,1,0,2,0,0.013874221,3.28179417,0.170059314,39.56,4.726666667,0.06,4.333333333,40.26666667,23.86666667,1.453333333,0.566666667,13
"315","PGM",443,8,"443_8","PA",25,38,5,0,0,0,0,2.2954,0,31.2,5.453333333,0.05,7.066666667,35.26666667,24.4,2.386666667,0.253333333,4
"316","PGM",443,9,"443_9","PA",25,20,4,0,0,0,0,1.30456,0,29.3,4.793333333,0.05,5.866666667,23.4,18.66666667,1.446666667,0.453333333,5
"317","PGM",547,1,"547_1","LF",28,56,10,7,77,58,192.2415626,9.552182439,53.5202427,78.7,4.655555556,0.12,3.444444444,37.33333333,32.66666667,0.6,1.422222222,11
"318","PGM",547,11,"547_11","PA",21,33,5,1,5,0,1.280037763,2.468516809,7.117760695,57.49,4.877777778,0.1,2.555555556,26.55555556,18,1.288888889,0.533333333,3
"319","PGM",547,12,"547_12","PA",16,43,5,0,3,1,0.212602798,1.847848632,6.508065731,30.09,4.9125,0.05,3.125,23.875,17.625,1.55,0.3375,5
"320","PGM",547,13,"547_13","PA",20,30,3,0,6,0,0.208482332,4.20627584,8.846929923,76.4,5.177777778,0.15,2.777777778,69.88888889,72.66666667,3.188888889,0.466666667,6
"321","PGM",547,14,"547_14","PA",17,20,4,0,0,0,0,4.803477115,2.809076967,120.5,5.333333333,0.24,2.222222222,77.44444444,48.11111111,4.555555556,0.3,3
"322","PGM",547,2,"547_2","LF",33,49,8,18,78,63,80.4687845,9.225870319,35.9859113,51.9,4.6,0.14,1.444444444,60.66666667,40.66666667,2.166666667,0.8,7
"323","PGM",547,5,"547_5","LF",29,64,3,15,59,46,131.2747654,10.30818706,41.45019503,66.8,4.455555556,0.14,1.444444444,30.66666667,22,1.533333333,1.044444444,12
"324","PGM",547,6,"547_6","PA",23,23,7,0,1,0,0.013303097,2.007777103,0.940862657,56.72,4.444444444,0.11,1.555555556,35.33333333,18.55555556,0.966666667,0.933333333,2
"325","PGM",547,7,"547_7","PA",26,30,5,0,1,0,0.131984814,1.935713409,11.37421319,32.36,4.355555556,0.06,1.555555556,18.44444444,10.44444444,0.966666667,0.677777778,4
"326","PGM",547,8,"547_8","REF",17,25,4,0,1,0,1.790890936,1.895831,0.053861762,24.34,4.811111111,0.04,3,22.33333333,11.22222222,0.866666667,0.333333333,NA
"327","PGM",547,9,"547_9","PA",18,29,1,0,0,0,0,5.702692063,4.392413265,42.8,4.955555556,0.08,3.111111111,49.77777778,29.11111111,1.911111111,0.466666667,6
"328","PGM",549,1,"549_1","UF",29,65,22,23,67,60,180.194592,12.04022113,27.66504966,34.2,4.322222222,0.06,2.444444444,18.22222222,15.55555556,0.411111111,1.088888889,7
"329","PGM",549,10,"549_10","UF",37,54,22,17,54,66,197.3451602,7.509818001,10.43293582,38.54,4.1,0.06,4.466666667,29,33.6,0.866666667,1.04,NA
"330","PGM",549,11,"549_11","LF",35,44,11,31,99,82,171.376247,11.57065395,26.2028435,102.02,4.688888889,0.19,2.333333333,46.44444444,28.55555556,2.655555556,1.222222222,4
"331","PGM",549,12,"549_12","UF",26,54,27,16,72,73,232.3566711,7.770887103,19.69408792,39.04,4.211111111,0.07,2.222222222,23.88888889,20.88888889,0.422222222,1.277777778,9
"332","PGM",549,2,"549_2","UF",23,53,17,16,46,68,157.2858988,4.8729974,12.13506406,39.12,4.744444444,0.06,1.888888889,19.55555556,20.77777778,0.366666667,0.877777778,6
"333","PGM",549,3,"549_3","UF",29,58,17,21,71,66,165.7410863,7.492249571,25.63407251,39.65,4.477777778,0.07,2,20.33333333,26.77777778,0.411111111,1.111111111,7
"334","PGM",549,4,"549_4","LF",33,63,16,11,66,64,203.2735644,10.81441621,13.72356917,70.32,4.566666667,0.15,1.444444444,33.22222222,42.66666667,0.688888889,1.588888889,11
"335","PGM",549,5,"549_5","UF",28,55,19,8,62,69,151.5793226,7.972556758,43.18286467,38.35,4.48,0.06,2.4,23.26666667,25.6,0.74,0.933333333,12
"336","PGM",549,6,"549_6","UF",25,46,19,10,56,68,269.1563271,8.798651311,16.94797798,66.64,4.444444444,0.13,2.444444444,34.55555556,30.33333333,0.477777778,1.555555556,8
"337","PGM",549,7,"549_7","UF",26,45,20,13,57,64,315.8216594,6.454561399,26.84716481,34.65,4.04,0.06,3.2,23.46666667,20.73333333,0.82,1.126666667,6
"338","PGM",549,8,"549_8","UF",34,30,25,17,42,62,163.0171479,7.633699462,18.53670632,44.19,3.973333333,0.07,4.266666667,24,24.66666667,0.773333333,1.373333333,8
"339","PGM",549,9,"549_9","LF",30,45,16,15,80,54,113.7560871,8.422679363,51.83807392,58.42,4.52,0.15,2.6,28.53333333,27.93333333,1.7,0.946666667,13
